# 0세 기대수명 (년). 열: code(ISO 3166-1 alpha-2, 세계=WLD), 한글 이름, 영문 이름, 전체, 남성, 여성
# 상태: 예시값 15개. 출시 전 UN World Population Prospects 2024 원자료(약 230개 나라·지역)로 교체해야 함. docs/design.md 참고
code,ko,en,total,male,female
KR,대한민국,South Korea,83.5,80.6,86.4
JP,일본,Japan,84.7,81.1,87.1
US,미국,United States,78.4,75.8,81.1
CN,중국,China,78.0,75.3,80.9
GB,영국,United Kingdom,81.3,79.3,83.2
DE,독일,Germany,81.2,78.6,83.5
FR,프랑스,France,83.1,80.2,85.9
CA,캐나다,Canada,81.7,79.5,84.0
AU,호주,Australia,83.1,81.1,85.1
SG,싱가포르,Singapore,83.7,81.4,86.0
ES,스페인,Spain,83.8,81.1,86.4
VN,베트남,Vietnam,74.6,70.3,79.3
IN,인도,India,72.0,70.5,73.6
BR,브라질,Brazil,75.8,72.7,79.0
WLD,세계 평균,World,73.2,70.8,75.8
