No,한글,영문
1,"우리가 창조한 세상은 우리의 생각의 과정이다. 우리의 생각을 바꾸지 않고서는 세상을 바꿀 수 없다.","The world as we have created it is a process of our thinking. It cannot be changed without changing our thinking."
2,"우리의 진정한 모습을 보여주는 것은 우리의 능력이 아니라 우리의 선택이다.","It is our choices, Harry, that show what we truly are, far more than our abilities."
3,"인생을 사는 방법은 두 가지뿐이다. 하나는 기적이 없다고 믿으며 사는 것이고, 다른 하나는 모든 것이 기적이라고 믿으며 사는 것이다.","There are only two ways to live your life. One is as though nothing is a miracle. The other is as though everything is a miracle."
4,"당신 자신을 사랑하는 법을 배우는 것이 가장 위대한 사랑이다.","Learning to love yourself is the greatest love of all."
5,"성공한 사람이 되려고 노력하기보다 가치 있는 사람이 되려고 노력하라.","Try not to become a man of success. Rather become a man of value."
6,"나는 실패하지 않았다. 나는 단지 작동하지 않는 10,000가지 방법을 발견했을 뿐이다.","I have not failed. I've just found 10,000 ways that won't work."
7,"여자는 티백과 같다. 뜨거운 물에 들어가기 전까지는 얼마나 강한지 알 수 없다.","A woman is like a tea bag; you never know how strong it is until it's in hot water."
8,"인생은 당신이 만드는 것이다. 어떤 일이 있든 때로는 망칠 수도 있다. 그것은 보편적인 진리다. 하지만 좋은 점은 당신이 어떻게 망칠지 결정할 수 있다는 것이다.","This life is what you make it. No matter what, you're going to mess up sometimes, it's a universal truth. But the good part is you get to decide how you're going to mess it up."
9,"당신이 할 수 있다고 생각하든, 할 수 없다고 생각하든, 당신의 생각이 옳다.","Whether you think you can, or you think you can't – you're right."
10,"어디로 가려고 했는지는 모르겠지만, 내가 있어야 할 곳에 도착한 것 같다.","I may not have gone where I intended to go, but I think I have ended up where I needed to be."
11,"우리가 다른 계획을 세우느라 바쁠 때 일어나는 일이 바로 인생이다.","Life is what happens to us while we are making other plans."
12,"결코 실패하지 않는 것에 가장 큰 영광이 있는 것이 아니라, 넘어질 때마다 다시 일어서는 것에 영광이 있다.","The greatest glory in living lies not in never falling, but in rising every time we fall."
13,"화내는 1분마다 60초의 행복을 잃게 된다.","For every minute you are angry you lose sixty seconds of happiness."
14,"사람들을 판단한다면, 그들을 사랑할 시간이 없다.","If you judge people, you have no time to love them."
15,"목표에 도달하기 전까지는 항상 불가능해 보인다.","It always seems impossible until it's done."
16,"음악의 좋은 점 중 하나는, 그것이 당신을 때릴 때 고통을 느끼지 않는다는 것이다.","One good thing about music, when it hits you, you feel no pain."
17,"더 많이 읽을수록 더 많은 것을 알게 될 것이다. 더 많이 배울수록 더 많은 곳을 가게 될 것이다.","The more that you read, the more things you will know. The more that you learn, the more places you'll go."
18,"진실은, 모든 사람이 당신에게 상처를 줄 것이라는 점이다. 당신은 단지 고통받을 가치가 있는 사람들을 찾아야 할 뿐이다.","The truth is, everyone is going to hurt you. You just got to find the ones worth suffering for."
19,"우리 모두가 위대한 일을 할 수는 없다. 하지만 우리는 큰 사랑으로 작은 일을 할 수 있다.","Not all of us can do great things. But we can do small things with great love."
20,"잘 정돈된 마음에게 죽음은 단지 다음 번의 위대한 모험일 뿐이다.","To the well-organized mind, death is but the next great adventure."
21,"인생의 목적은 단순히 행복해지는 것이 아니다. 쓸모 있고, 존경받고, 동정심을 갖는 것이다. 그리고 당신이 살았고 잘 살았다는 차이를 만드는 것이다.","The purpose of life is not to be happy. It is to be useful, to be honorable, to be compassionate, to have it make some difference that you have lived and lived well."
22,"우리는 우리가 혼자가 아니라는 것을 알기 위해 책을 읽는다.","We read to know we're not alone."
23,"바보라도 알 수는 있다. 중요한 것은 이해하는 것이다.","Any fool can know. The point is to understand."
24,"성공은 최종적인 것이 아니고, 실패는 치명적인 것이 아니다. 중요한 것은 계속하려는 용기다.","Success is not final, failure is not fatal: it is the courage to continue that counts."
25,"당신이 될 뻔했던 사람이 되기에 너무 늦은 때는 없다.","It is never too late to be what you might have been."
26,"당신만이 당신의 행복을 책임질 수 있다.","No one is in charge of your happiness but you."
27,"거짓말을 믿다 보면 결국 자신 외에는 아무도 믿지 못하게 된다.","You believe lies so you eventually learn to trust no one but yourself."
28,"단순함이 궁극의 정교함이다.","Simplicity is the ultimate sophistication."
29,"인생은 자전거를 타는 것과 같다. 균형을 잡으려면 계속 움직여야 단다.","Life is like riding a bicycle. To keep your balance, you must keep moving."
30,"인생에서 가장 큰 위험은 목표를 너무 높게 잡아서 달성하지 못하는 것이 아니라, 목표를 너무 낮게 잡아서 달성해 버리는 것이다.","The greatest danger for most of us is not that our aim is too high and we miss it, but that is it too low and we reach it."
31,"지혜로운 사람은 스스로 바보라고 생각하지만, 바보는 자신이 지혜롭다고 생각한다.","A fool thinks himself to be wise, but a wise man knows himself to be a fool."
32,"어둠 속에서만 별을 볼 수 있다.","Only in the darkness can you see the stars."
33,"누군가 어떻게 태어났는지가 아니라, 어떻게 성장하는지가 중요하다.","It matters not what someone is born, but what they grow to be."
34,"우리는 우리가 반복적으로 하는 행동의 결과다. 그러므로 탁월함은 행동이 아니라 습관이다.","We are what we repeatedly do. Excellence, then, is not an act, but a habit."
35,"성공의 비밀은 시작하는 것이다.","The secret of getting ahead is getting started."
36,"태도는 작은 것이지만 큰 차이를 만든다.","Attitude is a little thing that makes a big difference."
37,"당신이 세상을 바꿀 수 없다고 말하는 사람들을 믿지 마라. 그런 사람들은 보통 세상이 바뀌기를 두려워하는 사람들이다.","Don't let the noise of others' opinions drown out your own inner voice."
38,"인생은 10%의 일어나는 일과 90%의 그에 대한 반응으로 이루어진다.","Life is 10% what happens to you and 90% how you react to it."
39,"아무것도 하지 않으면 아무 일도 일어나지 않는다.","Nothing happens until something moves."
40,"어려움 한가운데에 기회가 있다.","In the middle of difficulty lies opportunity."
41,"계속해서 햇빛을 향해 얼굴을 돌리면 그림자는 뒤로 떨어질 것이다.","Keep your face always toward the sunshine, and shadows will fall behind you."
42,"미래는 오늘 무엇을 하느냐에 달려 있다.","The future depends on what you do today."
43,"인생에서 가장 슬픈 일은 실패하는 것이 아니라 한 번도 시도해보지 않는 것이다.","The only failure is not to try."
44,"당신의 인생은 당신의 생각이 만드는 것이다.","The happiness of your life depends upon the quality of your thoughts."
45,"지식을 얻기 위해서는 먼저 경청해야 한다.","To learn, you must first listen."
46,"교육은 세상을 바꿀 수 있는 가장 강력한 무기다.","Education is the most powerful weapon which you can use to change the world."
47,"배움의 가장 아름다운 점은 아무도 당신에게서 그것을 빼앗을 수 없다는 것이다.","The beautiful thing about learning is nobody can take it away from you."
48,"비온 뒤에 땅이 굳는다.","After a storm comes a calm. / After the rain, the ground hardens."
49,"시작이 반이다.","Starting is half the task."
50,"천 리 길도 한 걸음부터.","The journey of a thousand miles begins with one step."
51,"고생 끝에 낙이 온다.","At the end of hardship comes happiness."
52,"성공을 향한 가장 큰 장벽은 실패에 대한 두려움이다.","The greatest barrier to success is the fear of failure."
53,"자신을 믿어라, 그러면 이미 절반은 이룬 것이다.","Believe you can and you're halfway there."
54,"인생의 목적은 행복이다.","The purpose of our lives is to be happy."
55,"꿈을 꾸고 그것을 믿을 수 있다면, 당신은 그것을 이룰 수 있다.","Whatever the mind of man can conceive and believe, it can achieve."
56,"가장 위대한 영광은 한 번도 실패하지 않음이 아니라 실패할 때마다 다시 일어서는 데에 있다.","Our greatest glory is not in never falling, but in rising every time we fall."
57,"인생은 우리 스스로 만드는 것이다.","Life is what we make of it."
58,"진정한 친구는 세상 모두가 나를 떠날 때 내게로 오는 사람이다.","A real friend is one who walks in when the rest of the world walks out."
59,"당신이 시도하지 않은 슛은 100% 빗나간다.","You miss 100% of the shots you don't take."
60,"시간은 금이다.","Time is money."
61,"일찍 일어나는 새가 벌레를 잡는다.","The early bird catches the worm."
62,"성공은 당신이 가진 것이 아니라 당신이 누구인지에 달려 있다.","Success is not in what you have, but who you are."
63,"오늘 나무 그늘에서 쉴 수 있는 이유는 누군가가 오래 전에 나무를 심었기 때문이다.","Someone is sitting in the shade today because someone planted a tree a long time ago."
64,"미래를 예측하는 가장 좋은 방법은 미래를 창조하는 것이다.","The best way to predict your future is to create it."
65,"인생은 자신을 찾는 것이 아니라 자신을 창조하는 것이다.","Life isn't about finding yourself. Life is about creating yourself."
66,"실패는 성공의 어머니다.","Failure is the mother of success."
67,"자신을 사랑하는 것이 평생 지속되는 로맨스의 시작이다.","To love oneself is the beginning of a lifelong romance."
68,"우리가 두려워해야 할 유일한 것은 두려움 그 자체다.","The only thing we have to fear is fear itself."
69,"사랑은 눈으로 보는 것이 아니라 마음으로 보는 것이다.","Love looks not with the eyes, but with the mind."
70,"할 수 있는 일을, 가지고 있는 것으로, 있는 곳에서 하라.","Do what you can, with what you have, where you are."
71,"지식은 힘이다.","Knowledge is power."
72,"모든 순간은 새로운 시작이다.","Every moment is a fresh beginning."
73,"당신의 허락 없이는 아무도 당신이 열등감을 느끼게 할 수 없다.","No one can make you feel inferior without your consent."
74,"계획 없는 목표는 단지 소망일 뿐이다.","A goal without a plan is just a wish."
75,"상처를 지혜로 바꾸어라.","Turn your wounds into wisdom."
76,"성공하려면 먼저 실패를 경험해야 한다.","To learn to succeed, you must first learn to fail."
77,"인생은 길고, 배움은 끝이 없다.","Life is long, and learning is endless."
78,"내가 멀리 볼 수 있었던 것은 거인들의 어깨 위에 서 있었기 때문이다.","If I have seen further it is by standing on the shoulders of Giants."
79,"사랑하는 것을 찾고 그것이 당신을 죽게 내버려두어라.","Find what you love and let it kill you."
80,"어려운 길을 가야만 멋진 목적지에 닿을 수 있다.","There are no short cuts to any place worth going."
81,"오늘 할 수 있는 일을 내일로 미루지 마라.","Don't put off until tomorrow what you can do today."
82,"인생은 한 번뿐이지만 제대로 산다면 한 번으로 족하다.","You only live once, but if you do it right, once is enough."
83,"최선을 다하고 나머지는 잊어라.","Do your best and forget the rest."
84,"당신이 될 수 있는 유일한 사람은 당신이 되기로 결심한 사람이다.","The only person you are destined to become is the person you decide to be."
85,"행복은 완제품이 아니다. 당신의 행동에서 비롯된다.","Happiness is not something ready-made. It comes from your own actions."
86,"가장 큰 위험은 아무런 위험도 감수하지 않는 것이다.","The biggest risk is not taking any risk."
87,"용기는 두려움이 없는 것이 아니라 두려움을 이겨내는 것이다.","I learned that courage was not the absence of fear, but the triumph over it."
88,"가치 있는 것을 얻기 위해 노력하라. 쉽게 얻을 수 있는 것은 가치가 없다.","Strive for things of value. Things easily obtained are often of no value."
89,"아름다움은 모든 곳에 있지만 모든 사람이 그것을 보는 것은 아니다.","Everything has beauty, but not everyone sees it."
90,"당신의 인생을 사랑하라, 그러면 인생도 당신을 사랑할 것이다.","Love life and life will love you back."
91,"미래는 꿈의 아름다움을 믿는 사람들의 것이다.","The future belongs to those who believe in the beauty of their dreams."
92,"지혜는 경험에서 나온다.","Wisdom comes from experience."
93,"당신이 멈추지 않는 한 얼마나 천천히 가는지는 중요하지 않다.","It does not matter how slowly you go as long as you do not stop."
94,"어제와 똑같이 살면서 다른 내일을 기대하는 것은 정신병이다.","Insanity: doing the same thing over and over again and expecting different results."
95,"가장 어두운 밤도 언젠가는 끝나고 해는 떠오른다.","Even the darkest night will end and the sun will rise."
96,"성공은 영원하지 않고 실패는 치명적이지 않다.","Success isn't permanent and failure isn't fatal."
97,"세상에서 보고 싶은 변화의 주체가 되어라.","Be the change that you wish to see in the world."
98,"당신이 가진 것에 감사하라, 그러면 더 많이 가지게 될 것이다.","Be thankful for what you have; you'll end up having more."
99,"성공의 비결은 평범한 일을 특별하게 잘하는 것이다.","The secret of success is to do the common thing uncommonly well."
100,"내일 죽을 것처럼 살고, 영원히 살 것처럼 배워라.","Live as if you were to die tomorrow. Learn as if you were to live forever."
