월,한글,영문,별(x:y),선
1,오리온자리,Orion,0.50:0.06 0.28:0.20 0.70:0.24 0.42:0.52 0.50:0.50 0.58:0.47 0.34:0.88 0.76:0.84,0-1 1-3 3-4 4-5 5-2 2-0 3-6 5-7
2,쌍둥이자리,Gemini,0.30:0.10 0.28:0.36 0.25:0.62 0.18:0.90 0.56:0.14 0.56:0.40 0.61:0.66 0.68:0.92,0-1 1-2 2-3 0-4 4-5 5-6 6-7
3,북두칠성,The Big Dipper,0.82:0.32 0.84:0.58 0.62:0.64 0.60:0.40 0.42:0.36 0.26:0.30 0.08:0.40,0-1 1-2 2-3 3-0 3-4 4-5 5-6
4,사자자리,Leo,0.30:0.72 0.30:0.52 0.36:0.40 0.30:0.26 0.38:0.14 0.48:0.18 0.64:0.42 0.90:0.60 0.64:0.62,0-1 1-2 2-3 3-4 4-5 2-6 6-7 7-8 8-0 6-8
5,목동자리,Boötes,0.46:0.88 0.30:0.62 0.32:0.34 0.48:0.10 0.64:0.30 0.64:0.60,0-1 1-2 2-3 3-4 4-5 5-0
6,북쪽왕관자리,Corona Borealis,0.11:0.34 0.22:0.54 0.36:0.64 0.50:0.67 0.64:0.64 0.78:0.54 0.89:0.34,0-1 1-2 2-3 3-4 4-5 5-6
7,전갈자리,Scorpius,0.12:0.08 0.20:0.20 0.12:0.32 0.32:0.30 0.40:0.44 0.44:0.60 0.50:0.74 0.60:0.85 0.74:0.90 0.86:0.82 0.90:0.68 0.82:0.62,0-1 2-1 1-3 3-4 4-5 5-6 6-7 7-8 8-9 9-10 10-11
8,백조자리,Cygnus,0.50:0.06 0.50:0.38 0.50:0.62 0.50:0.92 0.28:0.30 0.10:0.24 0.72:0.46 0.90:0.54,0-1 1-2 2-3 1-4 4-5 1-6 6-7
9,거문고자리,Lyra,0.42:0.08 0.42:0.36 0.64:0.38 0.62:0.82 0.40:0.80 0.62:0.14,5-0 0-1 1-2 2-0 2-3 3-4 4-1
10,페가수스자리,Pegasus,0.30:0.28 0.68:0.26 0.70:0.62 0.32:0.64 0.86:0.74 0.96:0.58 0.84:0.12 0.96:0.20,0-1 1-2 2-3 3-0 2-4 4-5 1-6 6-7
11,카시오페이아자리,Cassiopeia,0.06:0.36 0.28:0.66 0.48:0.42 0.68:0.64 0.94:0.30,0-1 1-2 2-3 3-4
12,좀생이별,The Pleiades,0.86:0.42 0.86:0.30 0.62:0.46 0.50:0.66 0.28:0.60 0.32:0.30 0.46:0.38,1-0 0-2 2-6 6-5 5-4 4-3 3-2
